Sample Size,cohen_d,data,PmP,AABF,JZSBF,pval,cohenD,matrix
9,0.1,"<tibble[,3]>",0.5896626847901237,1.4370194055798398,0.41901180928960596,0.8235452998941487,-0.10685673382757638,women_taller
9,0.2,"<tibble[,3]>",0.6748533343831247,2.075535153044791,0.4420726847383541,0.6563813395009246,-0.21371346765515262,women_taller
9,0.5,"<tibble[,3]>",0.8714740760375899,6.780531500341278,0.6368718984037265,0.2737497628089435,-0.534283669137874,women_taller
9,0.8,"<tibble[,3]>",0.965116382162921,27.666751386579676,1.2038018275684257,0.08856793634749746,-0.8548538706205953,women_taller
22,0.1,"<tibble[,3]>",0.6306251638250844,1.7072770044531547,0.31115128335731757,0.7404090353667981,-0.10055691664190224,women_taller
22,0.2,"<tibble[,3]>",0.747620041384085,2.962279752656005,0.3559536271473372,0.5084081080755523,-0.20111383328380447,women_taller
22,0.5,"<tibble[,3]>",0.9522972372883166,19.963146433342338,0.897597251353587,0.10284607210868611,-0.502784583209504,women_taller
22,0.8,"<tibble[,3]>",0.9961856557114679,261.1682586457955,4.6315818994655675,0.010792922433899944,-0.8044553331352036,women_taller
40,0.1,"<tibble[,3]>",0.6731572750682282,2.05957551972053,0.25360350096793344,0.6549293772346818,-0.10032078968525598,women_taller
40,0.2,"<tibble[,3]>",0.8152196171643754,4.41182989586926,0.3296052278898789,0.3723220254663404,-0.20064157937051197,women_taller
40,0.5,"<tibble[,3]>",0.9875593628487787,79.38173510283852,1.9979059992790569,0.027718802484447663,-0.5016039484262728,women_taller
40,0.8,"<tibble[,3]>",0.9998341437434316,6028.317317836773,48.47038111942724,5.773712904395009e-4,-0.8025663174820337,women_taller
75,0.1,"<tibble[,3]>",0.7302156017944689,2.706663567839697,0.20888918680260563,0.5405104750659178,-0.10017844515435416,women_taller
75,0.2,"<tibble[,3]>",0.8900756185047102,8.09716285320057,0.35045670116179195,0.22179696506644864,-0.20035689030870835,women_taller
75,0.5,"<tibble[,3]>",0.9989200839034212,924.9978651749392,12.186654350091787,0.002568803733081391,-0.5008922257717637,women_taller
75,0.8,"<tibble[,3]>",0.999999539297085,2170595.206610834,6267.778650408648,2.404583005093417e-6,-0.8014275612348191,women_taller
